1,C180226A0207,Q11AK33WXWXD1H0AE,乌罗松红,4495,410
2,C180309A0242,Q01AK33WXWXD1H1MD,云南白,4495,1900&2100&2300
3,C180309A0241,Q01AK33WXWXD1H1MD,云南白,4495,1900&2100&2300
4,C180309A0240,Q01AK33WXWXD1H1MD,云南白,4495,1900&2100&2300
5,C180306A0089,Q01AK33WXWXD1H1MD,云南白,4495,1900&2100&2300
6,C180306A0088,Q01AK33WXWXD1H1MD,云南白,4495,1900&2100&2300
7,C180306A0087,Q01AK33WXWXD1H1MD,云南白,4495,1900&2100&2300
8,C180312A0165,Q11AK3371WXD1H3MD,云南白,3940,410
9,C180312A0164,Q11AK3371WXD1H3MD,云南白,3940,410
10,C180313B0428,Q014W454R1T7806A9,富贵红金属漆,31000,2500&2600
11,C180313B0427,Q014W454R1T7806A9,富贵红金属漆,31000,2500&2600
12,C180308B0372,Q014W454R1T7806A9,富贵红金属漆,31000,2500&2600
13,C180308B0373,Q014W454R1T7806A9,富贵红金属漆,31000,2500&2600
14,C180301B0527,Q014W454R1T7806B4,火焰红金属漆,31000,2500&2600
15,C180303B0378,Q014W454R1T7806A9,富贵红金属漆,31000,2500&2600
16,C180303B0377,Q014W454R1T7806R2,珠光黑金属漆,31000,2500&2600
17,C180301B0528,Q014W454R1T7806B4,火焰红金属漆,31000,2500&2600
18,C180225B0345,Q014W454R1T7806P9,咖金,31000,2500&2600
19,C180226B0326,Q014W454R1T7806A9,富贵红金属漆,31000,2500&2600
20,C180226B0324,Q014W454R1T7806A9,富贵红金属漆,31000,2500&2600
21,C180226B0325,Q014W454R1T7806A9,富贵红金属漆,31000,2500&2600
22,C180225B0344,Q014W454R1T7806P9,咖金,31000,2500&2600
23,C180315A0074,Q11AK4274WXD06YAE,乌罗松红,9510,550
24,C180315A0075,Q11AK4274WXD06YAE,乌罗松红,9510,550
25,C180301A0059,Q11AK4274WXD06YP9,咖金,9510,550
26,C180313A0223,Q11AK3312WXD1F5AE,乌罗松红,4495,410
27,C180314A0230,Q11AK3312WXD1F5P9,咖金,4495,410
28,C180312A0014,Q01AN524C4TJ40WA9,富贵红金属漆,16000,600
29,C180311A0122,Q01AN524C4TJ40WA9,富贵红金属漆,16000,600
30,C180225A0013,Q01AN524C4TJ40WA9,富贵红金属漆,16000,600
31,C180315A0180,R01AU39158C202UAE,乌罗松红,10000,1900&2100&2300
32,C180315A0179,R01AU39158C202UAE,乌罗松红,10000,1900&2100&2300
33,C180308A0239,R01AU39158C202UAE,乌罗松红,10000,1900&2100&2300
34,C180313A0219,Q01AK3312WXD1F0MD,云南白,4495,1900&2100&2300
35,C180310A0085,Q01AK3312WXD1F0JP,韵达蓝,4495,1900&2100&2300
36,C180310A0086,Q01AK3312WXD1F0JP,韵达蓝,4495,1900&2100&2300
37,C180304A0185,Q01AK3312WXD1F0MD,云南白,4495,1900&2100&2300
